Word,Frequency
tidak,97
bagus,73
bisa,68
dan,66
mudah,61
di,51
sangat,49
sudah,46
brimo,45
saya,40
transaksi,39
aplikasi,39
yang,39
mantap,34
bantu,34
baik,30
bri,29
kenapa,29
ada,28
gagal,28
guna,25
mau,25
tapi,24
cepat,24
untuk,24
saja,23
ini,22
selalu,22
dengan,21
terus,21
daftar,20
rekam,20
lebih,19
banget,19
bank,18
lagi,18
video,18
kali,18
bayar,18
ke,17
nya,17
dalam,16
tolong,16
login,16
saat,16
jadi,16
dari,15
padahal,14
buat,14
iya,13
susah,13
verifikasi,13
sekali,13
semua,12
the,12
laku,12
coba,12
kartu,12
cek,12
error,12
bikin,11
keren,11
banyak,11
saldo,11
bahkan,11
atm,11
ulang,11
juga,11
masih,11
sama,11
aman,10
pas,10
proses,10
tingkat,10
kalau,10
lain,9
kasih,9
cabang,9
uang,9
simple,9
ribet,9
akun,9
harus,9
dapat,9
dong,8
karena,8
terima,8
in,8
data,8
belum,8
update,8
apa,8
sampai,8
apk,8
jelas,8
layan,8
tetap,8
lupa,8
gampang,8
cuma,7
app,7
to,7
sekarang,7
lancar,7
email,7
lama,7
praktis,7
mana,7
melulu,7
gabisa,7
lewat,7
ceria,7
registrasi,7
brizzi,7
pakai,7
masa,6
malam,6
fitur,6
bagaimana,6
dulu,6
e,6
deh,6
password,6
beberapa,6
ios,6
makin,6
kbagus,6
pada,6
signature,6
masuk,6
kurang,5
jam,5
hp,5
telah,5
buka,5
tiap,5
sering,5
sulit,5
valid,5
hari,5
kode,5
sistem,5
suruh,5
sedang,5
kan,5
menu,5
sesuai,5
sih,5
notif,5
ambil,5
masalah,5
puas,5
not,5
tahun,5
easy,5
bagi,5
call,5
tanpa,5
lalu,5
rekening,5
moga,5
tulis,5
mohon,5
baru,5
notifikasi,4
pilih,4
top,4
nasabah,4
fast,4
and,4
apakah,4
log,4
kata,4
narik,4
telepon,4
bukan,4
nomor,4
sms,4
best,4
tampil,4
lambat,4
ikut,4
user,4
sip,4
kyc,4
itu,4
use,4
ganggu,4
suka,4
isi,4
tiba,4
terang,4
digital,4
biar,4
lihat,4
akses,4
kak,4
status,4
center,4
baguss,3
transfer,3
jangan,3
admin,3
tepat,3
agar,3
i,3
banking,3
lah,3
list,3
internet,3
via,3
g,3
milik,3
kirim,3
pernah,3
wajah,3
fiturnya,3
pasword,3
hampir,3
sendiri,3
hilang,3
terimakasih,3
aneh,3
tahap,3
instruksi,3
namun,3
hasil,3
cara,3
tengah,3
maju,3
dekat,3
download,3
seperti,3
lengkap,3
otp,3
ganti,3
nama,3
username,3
joss,3
biasa,3
eh,3
goblbagus,3
mobile,3
ingin,3
cs,3
waktu,3
adu,3
qris,3
simpel,3
tambah,3
sedia,3
oleh,3
potong,3
hanya,3
aktif,3
apps,3
urus,3
tetapi,3
well,3
perlu,3
atur,3
minta,3
please,2
kaget,2
beri,2
device,2
everything,2
went,2
smooth,2
transaction,2
universitas,2
ringan,2
wow,2
dibenerin,2
baca,2
bintang,2
online,2
nunggu,2
kayak,2
ngulang,2
kembang,2
baguse,2
atau,2
habis,2
muas,2
paling,2
broadcast,2
memang,2
money,2
mntap,2
diri,2
utama,2
keluar,2
page,2
link,2
tarik,2
minimal,2
kosong,2
pun,2
instal,2
tetep,2
interface,2
terbaikk,2
aktivasi,2
benar,2
tahan,2
alhamdulillah,2
memudahkn,2
batu,2
foto,2
security,2
kena,2
kemarin,2
limit,2
asa,2
ktp,2
bapak,2
ibu,2
segala,2
eror,2
topup,2
kantor,2
easier,2
kredit,2
tbagusn,2
yah,2
keblbagusir,2
tambahin,2
versi,2
semenjak,2
kecewa,2
misal,2
payah,2
rek,2
langsung,2
lumayan,2
mesti,2
info,2
inisiasi,2
listrik,2
doang,2
suara,2
selesai,2
kadang,2
kita,2
pertama,2
pasti,2
nyaman,2
kota,2
t,2
be,2
it,2
format,2
mantappp,2
sampah,2
punya,2
gatau,2
briva,2
koneksi,2
biaya,2
bca,2
jaga,2
tipu,2
arah,2
tunggu,2
cicil,2
tahu,2
mutasi,2
bulan,2
lanjut,2
salah,2
begitu,2
tanggal,2
lahir,2
dn,2
tnggl,2
kembali,2
riwayat,2
nyata,2
wkwkk,1
mati,1
jadwal,1
cronjo,1
push,1
bunyi,1
bijak,1
team,1
devnya,1
safety,1
hidup,1
trmakasih,1
utuk,1
mantaappp,1
responsive,1
even,1
older,1
without,1
sacrificing,1
overall,1
lobagus,1
of,1
from,1
registration,1
jamin,1
kendali,1
jumlah,1
klik,1
muncul,1
bngt,1
digunain,1
dibutuhin,1
josh,1
bug,1
dibenerinnnnn,1
tnp,1
nomer,1
akhir,1
negara,1
nol,1
mempersulittttttt,1
pending,1
forma,1
mu,1
mulut,1
busa,1
capek,1
pung,1
sehariang,1
mudahh,1
super,1
anak,1
bangsa,1
stuck,1
awal,1
gamasuk,1
pencet,1
mbanking,1
loginnya,1
hai,1
reset,1
very,1
bad,1
awesome,1
owsem,1
supperapps,1
sukseme,1
mantulita,1
tinggal,1
emial,1
konsenter,1
balas,1
kembantu,1
minggu,1
vertifikasi,1
gila,1
blambangn,1
umpu,1
kabupaten,1
way,1
kanan,1
stbagus,1
fungsional,1
erti,1
bonus,1
asw,1
rumit,1
kilat,1
belibet,1
alot,1
lemah,1
cacat,1
skip,1
gaees,1
pbagusbagusnya,1
area,1
jakarta,1
akomodasi,1
seluruh,1
wkwk,1
an,1
disilent,1
daripada,1
ngagetin,1
male,1
notifnya,1
saving,1
efisien,1
cepaaattt,1
sukses,1
brimoo,1
apl,1
timeout,1
kecepetan,1
cakep,1
po,1
hapus,1
solusi,1
website,1
safe,1
goo,1
da,1
erorr,1
nyusahin,1
nyampe,1
tbaguso,1
game,1
full,1
ter,1
click,1
nominal,1
tunai,1
ny,1
knapa,1
sisa,1
jaring,1
tentu,1
berpa,1
ringkas,1
buatin,1
mengunakan,1
no,1
yaa,1
smart,1
pin,1
ajar,1
perintah,1
beda,1
huruf,1
abjad,1
repot,1
so,1
far,1
wes,1
apix,1
jelek,1
ditingkatin,1
mah,1
ikutin,1
alas,1
for,1
nfc,1
working,1
segalax,1
anjing,1
anda,1
logout,1
sempurna,1
gitu,1
jawab,1
brapa,1
asu,1
rasa,1
friendy,1
bagusss,1
kern,1
mksih,1
makenya,1
profil,1
mamang,1
developer,1
amat,1
produksi,1
ktanya,1
males,1
emosi,1
taruh,1
system,1
orang,1
skming,1
ds,1
sore,1
ber,1
mudahmudahan,1
pula,1
parah,1
rulesnya,1
diikutin,1
bangking,1
emang,1
mantapsss,1
identitas,1
paket,1
pulsa,1
centernya,1
failed,1
dasar,1
perban,1
tergoblbagus,1
mumudahkan,1
vidio,1
selamat,1
tanya,1
harap,1
ikan,1
informasi,1
hal,1
jelang,1
shopeepay,1
kiat,1
appreciated,1
transactions,1
gilak,1
ros,1
tempat,1
mas,1
take,1
fisik,1
simpedes,1
kebagiann,1
mantuulll,1
baharu,1
akibat,1
mail,1
konvensional,1
keep,1
better,1
jo,1
feel,1
get,1
salam,1
metode,1
finally,1
pelu,1
mantaplh,1
jawabanya,1
prosedur,1
pesa,1
linknya,1
humble,1
jalan,1
cekat,1
trampil,1
hebat,1
clara,1
uninstall,1
install,1
mantab,1
cetak,1
koran,1
min,1
evaluasi,1
alur,1
pribadi,1
datang,1
tu,1
pergi,1
main,1
ma,1
cukup,1
flawless,1
grate,1
waras,1
asal,1
nomero,1
unoo,1
face,1
id,1
pass,1
rugi,1
canggih,1
sebut,1
waji,1
dahulu,1
macam,1
kntolllll,1
tolol,1
bawa,1
cashless,1
freeze,1
arti,1
manfaat,1
wichecka,1
nyoba,1
sumsel,1
babel,1
matep,1
terdafatar,1
response,1
invalid,1
tunjuk,1
vitur,1
tolak,1
unistal,1
mantaf,1
nyataaa,1
qwjah,1
qr,1
cc,1
bebas,1
bripoin,1
bulak,1
balik,1
trf,1
do,1
ui,1
function,1
ngebugs,1
ketika,1
butuh,1
pegawai,1
ramah,1
kerja,1
enak,1
tenks,1
jika,1
malas,1
bestttttt,1
dua,1
inovatif,1
kasi,1
kami,1
jarak,1
jauh,1
blbagusir,1
couldn,1
read,1
because,1
isn,1
correct,1
sejahtera,1
sentosa,1
tah,1
besar,1
ajg,1
duit,1
kaya,1
gin,1
pgn,1
untung,1
pmbyrn,1
diskusi,1
privyid,1
upgrade,1
ai,1
gilang,1
bumn,1
budget,1
gede,1
kalah,1
pinjol,1
malu,1
bosss,1
ngerasa,1
design,1
simpe,1
cocbagus,1
generasi,1
mager,1
trasfer,1
murah,1
filtur,1
m,1
tix,1
saku,1
beli,1
tiket,1
susahh,1
semogaa,1
cept,1
ditambahin,1
comportable,1
diupdate,1
applikasi,1
bya,1
elektronik,1
mandiri,1
flazz,1
tari,1
ribu,1
up,1
segera,1
agak,1
catat,1
soal,1
atas,1
pihak,1
mingirim,1
tolih,1
ketat,1
kereeen,1
tf,1
sukaaa,1
besttt,1
ketemu,1
bilang,1
ehhhh,1
bisnis,1
gxtx,1
akan,1
inovasi,1
skarang,1
fix,1
buang,1
traksaksi,1
sampaj,1
operator,1
autodebet,1
jdjbbd,1
nyaaaaaaa,1
its,1
really,1
nuhuun,1
sukaaaaa,1
run,1
efektif,1
input,1
loading,1
stack,1
mmbantu,1
trimakasih,1
maupun,1
capat,1
excellent,1
logins,1
mechanism,1
is,1
complicated,1
also,1
out,1
hope,1
will,1
more,1
future,1
hemat,1
tenaga,1
ruang,1
gerak,1
genggam,1
bagusee,1
ulas,1
usefull,1
junio,1
manta,1
kalee,1
jozzz,1
keliru,1
recovery,1
sinkronisasi,1
depan,1
maaf,1
ya,1
dia,1
taek,1
pindah,1
ajig,1
luar,1
saran,1
alamgkah,1
print,1
by,1
pdf,1
lbh,1
usaha,1
rincian,1
pandang,1
sungai,1
mahakam,1
kapal,1
tongkang,1
bara,1
sini,1
recommend,1
kadaluarsa,1
dimasukin,1
jaya,1
kakak,1
tidk,1
kenapaya,1
dompet,1
gratis,1
paham,1
klas,1
busuk,1
wong,1
diblbagusir,1
yoogbsbdndnsn,1
bismillah,1
undi,1
mobil,1
operasional,1
terupdate,1
sehingga,1
ditindaklanjuti,1
trimaksih,1
nggk,1
silah,1
ilmu,1
kecil,1
hri,1
sisi,1
request,1
kolot,1
transksi,1
process,1
detik,1
stabil,1
latar,1
polos,1
kencang,1
ucap,1
segi,1
